first,second
7,-4050.4620491155333
4,-4331.839454910646
2,-4480.262400000007
3,-4480.262400000007
5,-4221.003049428844
6,-4132.128051862203
