first,second
7,-4264.296850780798
4,-4560.409956622325
2,-4498.800000000001
3,-4498.800000000001
5,-4443.534259687681
6,-4350.14454308849
