first,second
0.0,-4050.4620491155333
0.4,-4050.4620491155333
1.0,-4052.0911616144135
0.2,-4050.4620491155333
0.8,-4050.8657465141523
0.6,-4050.4620491155333
