first,second
0.0,-4264.296850780798
0.4,-4177.732510412423
1.0,-4177.471435669594
0.2,-4177.732510412423
0.8,-4177.517403612603
0.6,-4177.732510412423
