first,second
0.0,-4447.678566280225
0.4,-4447.679983045515
1.0,-4447.8711537358
0.2,-4447.679983045515
0.8,-4447.807080305937
0.6,-4447.807080305937
