first,second
0.0,-4682.3514661654135
0.4,-4605.101050045491
1.0,-4605.081732247714
0.2,-4605.101050045491
0.8,-4605.084525647665
0.6,-4605.084525647665
