first,second
0.0,313613.99999999994
0.4,313613.99999999994
1.0,313614.00000000006
0.2,313613.99999999994
0.8,313614.0000000001
0.6,313614.0000000001
