first,second
7,-4447.678566280225
4,-4909.933718922638
2,-6331.6173556384665
3,-5746.183158708596
5,-4698.874318972812
6,-4574.0057760790505
