first,second
7,-4682.3514661654135
4,-5168.827779063043
2,-6665.3699624060155
3,-6049.08985540775
5,-4946.829242336609
6,-4815.275263157893
