first,second
7,313613.99999999994
4,313614.0
2,313614.0
3,313614.000000001
5,313614.0
6,313613.9999999999
